id	strain	year	ag_x	ag_y
ag0	BI/15793/68	1968	2.93220126	-13.81154258
ag1	BI/16190/68	1968	2.78652035	-13.64256903
ag2	BI/16398/68	1968	2.15395914	-12.96114538
ag3	HK/1/68	1968	0.39624125	-13.76275453
ag4	BI/808/69	1969	2.76066935	-13.09140464
ag5	BI/908/69	1969	1.78098134	-13.36810102
ag6	BI/17938/69	1969	2.54698139	-13.85796677
ag7	BI/93/70	1970	1.79160319	-13.81057947
ag8	BI/2668/70	1970	2.4052533	-14.61081297
ag9	BI/6449/71	1971	3.49479365	-14.58400712
ag10	BI/21438/71	1971	2.33983178	-13.1373911
ag11	BI/21801/71	1971	2.35741277	-13.14943539
ag12	HK/107/71	1971	3.17265555	-14.21454573
ag13	BI/6022/72	1972	3.18558128	-12.67428276
ag14	BI/21793/72	1972	4.24412778	-11.57957152
ag15	BI/23290/72	1972	4.49656316	-11.5720321
ag16	BI/23337/72	1972	4.49656316	-11.5720321
ag17	EN/42/72	1972	3.45539479	-11.78743472
ag18	BI/552/73	1973	4.48628286	-10.79899198
ag19	BI/748/73	1973	4.75772741	-11.62165224
ag20	BI/3517/73	1973	4.42154407	-11.71233622
ag21	PC/1/73	1973	5.40606681	-10.70851834
ag22	BI/5146/74	1974	5.54484556	-11.76244525
ag23	BI/5930/74	1974	4.61044328	-11.61062405
ag24	BI/5931/74	1974	4.26347368	-10.88662727
ag25	BI/7398/74	1974	5.24050683	-10.55896218
ag26	BI/9459/74	1974	4.50317124	-10.81244004
ag27	BI/334/75	1975	5.28588191	-11.05537362
ag28	BI/1843/75	1975	5.01062701	-9.33271658
ag29	BI/2600/75	1975	5.92695891	-10.97196287
ag30	BI/2813/75	1975	4.96752387	-11.78559612
ag31	BI/4273/75	1975	6.19451536	-11.43741179
ag32	VI/3/75	1975	4.58461171	-8.14103119
ag33	BI/628/76	1976	4.99830179	-5.31010306
ag34	BI/1761/76	1976	3.04205725	-6.98758942
ag35	BI/2271/76	1976	5.14460459	-5.38224473
ag36	BI/5029/76	1976	2.67617654	-6.59283013
ag37	BI/5168/76	1976	3.385272	-7.21131963
ag38	BI/5657/76	1976	2.9262286	-6.63173903
ag39	BI/6545/76	1976	2.98788926	-6.72330941
ag40	AM/1609/77	1977	3.27467924	-7.40806804
ag41	BI/3895/77	1977	3.19685989	-6.76296594
ag42	RD/5828/77	1977	3.04195362	-7.90879015
ag43	RD/8179/77	1977	3.11345323	-7.1747426
ag44	TE/1/77	1977	7.5710711	-4.5463288
ag45	BA/1/79	1979	7.42808459	-0.63351971
ag46	NL/209/80	1980	5.78905815	-3.16000134
ag47	RD/577/80	1980	5.90898833	-3.23287747
ag48	BI/4791/81	1981	5.27444154	-2.45378925
ag49	LY/2380/81	1981	5.79235605	-2.01963032
ag50	AL/4382/82	1982	6.11827453	-2.21471309
ag51	BI/10684/82	1982	5.82274736	-2.70904189
ag52	NL/233/82	1982	6.02568907	-2.88981943
ag53	NL/241/82	1982	5.82132515	-2.79272204
ag54	PH/2/82	1982	7.08414061	-0.88628997
ag55	OS/13676/83	1983	6.04138102	-2.01548339
ag56	CE/1/84	1984	3.88912838	-2.93948573
ag57	GF/V728/85	1985	3.80000768	-0.43922606
ag58	NL/330/85	1985	4.51829916	-2.65199432
ag59	NL/333/85	1985	3.61069797	-2.89991151
ag60	ST/10/85	1985	4.13044113	-1.97044642
ag61	WE/4/85	1985	4.20388328	-1.12318105
ag62	CO/2/86	1986	4.4121644	-1.79958745
ag63	LE/360/86	1986	5.85528265	0.74876788
ag64	SH/11/87	1987	-0.87239968	-2.19152916
ag65	SI/2/87	1987	0.46058535	-2.89188489
ag66	VI/7/87	1987	2.84463135	1.46935125
ag67	AT/3572DASH5/88	1988	1.60659906	-0.92154706
ag68	CC/2/88	1988	4.52414792	0.38053951
ag69	EN/427/88	1988	0.68871263	-1.46939434
ag70	NL/450/88	1988	0.64482848	-0.75439009
ag71	OK/5/88	1988	3.29043804	2.05689004
ag72	ST/12/88	1988	1.37210156	-1.01936764
ag73	VI/1/88	1988	3.66255851	1.34757793
ag74	AT/211/89	1989	1.40592549	0.99525485
ag75	BE/352/89	1989	-0.74107577	2.84372464
ag76	BE/353/89	1989	2.48833827	3.73736649
ag77	EI/3447/89	1989	0.56532444	-0.77839395
ag78	EN/138/89	1989	0.58802433	-0.94561862
ag79	GE/5007/89	1989	0.7363313	-0.88560818
ag80	GU/54/89	1989	-1.31635426	-2.37738782
ag81	HK/1/89	1989	0.93993879	-0.85824729
ag82	NL/620/89	1989	-0.15367557	-0.57657239
ag83	NL/650/89	1989	-0.58630043	-2.18194374
ag84	NL/738/89	1989	-0.62235526	-3.26724208
ag85	SP/34/89	1989	-0.72141489	-0.60438033
ag86	SP/35/89	1989	0.16311335	-0.50616783
ag87	SP/36/89	1989	-1.02494092	-0.6513019
ag88	SP/40/89	1989	0.02702057	0.84020789
ag89	SP/53/89	1989	0.48068445	-0.72319863
ag90	VI/1/89	1989	0.46436501	-4.67350194
ag91	WE/5/89	1989	-0.87022654	-0.0313471
ag92	WK/1/89	1989	-0.01737841	-0.48294505
ag93	ME/2/90	1990	0.6210263	-1.39372191
ag94	ME/5/90	1990	2.05237854	0.33497675
ag95	SH/24/90	1990	-2.82284688	-1.41750031
ag96	SU/1/90	1990	0.91029986	-0.78264545
ag97	VI/2/90	1990	0.75238466	2.98264698
ag98	WE/3/90	1990	0.40310229	3.30542744
ag99	CA/1/91	1991	1.68783821	-0.7692258
ag100	EN/260/91	1991	1.43217556	3.14798659
ag101	EN/261/91	1991	-1.22525559	3.42093808
ag102	GE/5366/91	1991	0.13327168	-1.20899649
ag103	GE/6447/91	1991	1.30598515	4.43321396
ag104	LY/1149/91	1991	-0.89556144	3.83427635
ag105	LY/1182/91	1991	-0.12827402	4.02394126
ag106	LY/1189/91	1991	0.67188391	3.4326728
ag107	LY/1276/91	1991	-0.75607289	4.24636072
ag108	LY/1337/91	1991	0.8880712	3.95793329
ag109	LY/1373/91	1991	0.71350894	3.67613909
ag110	LY/1594/91	1991	1.81930085	3.79838767
ag111	LY/23672/91	1991	1.67242703	4.29384521
ag112	LY/24103/91	1991	1.49927214	3.40195336
ag113	LY/24222/91	1991	-0.1620189	3.22847567
ag114	MA/G12/91	1991	1.44152495	3.23093721
ag115	NL/816/91	1991	1.71451894	3.35127033
ag116	NL/891/91	1991	0.85174525	3.1205251
ag117	ST/20/91	1991	1.52346773	3.56079701
ag118	AM/4112/92	1992	0.65891152	2.83126567
ag119	BE/32/92	1992	-4.92470871	-0.64596299
ag120	ES/1285/92	1992	1.59958275	3.62091649
ag121	FI/218/92	1992	0.96099344	4.8866394
ag122	FI/220/92	1992	1.04211201	5.00477227
ag123	FI/247/92	1992	-7.06845289	0.86442522
ag124	GE/5113/92	1992	2.27305365	3.8514202
ag125	HO/56798/92	1992	1.49495013	4.27279965
ag126	HO/56829/92	1992	0.45650657	3.32075401
ag127	HO/56941/92	1992	0.33279307	4.14862519
ag128	MA/G58/92	1992	0.08917535	3.4938558
ag129	NI/3126/92	1992	1.11029274	3.89913155
ag130	NI/3129/92	1992	1.00331485	3.2686377
ag131	NL/819/92	1992	0.23342411	3.5914181
ag132	NL/823/92	1992	0.79042223	4.08760173
ag133	NL/935/92	1992	0.70024442	2.67250721
ag134	NL/938/92	1992	-3.51549235	-0.28243866
ag135	OV/31/92	1992	1.00757335	2.31655143
ag136	PA/320/92	1992	1.17351101	3.53853755
ag137	PA/325/92	1992	1.29482444	3.68227128
ag138	PA/407/92	1992	2.1175044	3.95274955
ag139	PA/417/92	1992	-0.33102777	4.05330475
ag140	PA/424/92	1992	1.11585517	4.32900867
ag141	PA/457/92	1992	3.03857879	3.1530017
ag142	PA/467/92	1992	1.80618916	2.75169991
ag143	PA/490/92	1992	0.70989143	3.83706867
ag144	PA/512/92	1992	2.58554336	4.48116843
ag145	PA/548/92	1992	2.75982816	4.29847502
ag146	PA/564/92	1992	-0.17639552	4.12959329
ag147	PA/583/92	1992	2.14939258	3.82005686
ag148	PA/597/92	1992	0.73330645	5.04501673
ag149	PA/614/92	1992	1.57324975	3.71891778
ag150	RD/100540/92	1992	0.68251215	3.34084987
ag151	SA/8/92	1992	1.8183134	4.69693768
ag152	SA/23/92	1992	2.43684321	4.16900125
ag153	SA/27/92	1992	0.71197153	4.86214044
ag154	SE/C273/92	1992	-7.78463006	-0.59256448
ag155	ST/7/92	1992	3.01018169	3.2963683
ag156	ST/8/92	1992	0.39781659	4.22265305
ag157	ST/12/92	1992	-5.55209595	1.21370906
ag158	ST/13/92	1992	1.18579219	2.34712248
ag159	TI/5957/92	1992	0.78599089	3.18204137
ag160	UM/1982/92	1992	-0.24662778	3.92638949
ag161	UM/2000/92	1992	0.40693858	3.62587096
ag162	VI/33/92	1992	0.77499746	2.48922821
ag163	VI/68/92	1992	0.85722708	2.56305933
ag164	AK/4/93	1993	-7.79002794	0.55657072
ag165	ES/5458/93	1993	-0.97589712	4.31294848
ag166	GD/25/93	1993	-8.34439872	1.90740539
ag167	LY/672/93	1993	-6.80319852	0.9760941
ag168	LY/1803/93	1993	-6.22146226	0.43387815
ag169	LY/1815/93	1993	-7.05828686	2.88802856
ag170	LY/22686/93	1993	-7.04341875	1.53086026
ag171	LY/23602/93	1993	-5.98297923	3.05857863
ag172	MA/G101/93	1993	1.84602319	3.28023613
ag173	MA/G102/93	1993	-5.80558037	1.76513733
ag174	MA/G109/93	1993	-5.89095918	2.46555649
ag175	MA/G116/93	1993	1.3159091	4.36667368
ag176	MA/G122/93	1993	-6.23607308	2.84263649
ag177	MA/G130/93	1993	-5.59786224	-0.11043182
ag178	MA/G252/93	1993	-5.25719748	6.12514993
ag179	NL/3/93	1993	-4.63682424	2.0070198
ag180	NL/17/93	1993	-3.75569319	0.545953
ag181	NL/101/93	1993	-5.3119894	-0.69645152
ag182	NL/115/93	1993	-5.61065414	-0.05426091
ag183	NL/126/93	1993	-5.50685531	-1.00639825
ag184	NL/165/93	1993	1.82729563	4.81348473
ag185	NL/179/93	1993	-4.96266303	1.3352057
ag186	NL/241/93	1993	-6.6130663	2.83381135
ag187	NL/357/93	1993	-6.12287961	1.48965334
ag188	NL/371/93	1993	-7.9882712	1.5255601
ag189	NL/372/93	1993	-4.67509842	6.0976912
ag190	NL/398/93	1993	-5.60779664	2.80522914
ag191	NL/399/93	1993	-4.05277393	5.5457222
ag192	NL/440/93	1993	-5.67065677	1.67343004
ag193	OS/2219/93	1993	-6.73259725	2.81684903
ag194	OS/2352/93	1993	-6.42290688	0.11607667
ag195	PA/287/93	1993	-0.18606413	4.2647047
ag196	SD/9/93	1993	-7.71770221	0.44023242
ag197	SG/6/93	1993	-8.02364521	0.77618797
ag198	SL/142/93	1993	-5.59840519	0.50264018
ag199	SL/160/93	1993	-7.7778151	2.12661951
ag200	SP/3/93	1993	-6.30165514	0.39212982
ag201	SP/19/93	1993	-4.54194003	5.83147712
ag202	ST/20/93	1993	-6.0816496	3.14095513
ag203	VI/104/93	1993	-6.10386595	1.15801099
ag204	WE/59/93	1993	-7.3866617	1.75180216
ag205	YA/56/93	1993	-8.16354027	0.43527216
ag206	YA/61/93	1993	-8.4448583	-1.20982547
ag207	YA/62/93	1993	-8.27362694	-0.01334713
ag208	EN/7/94	1994	-6.66775707	6.3026223
ag209	HK/1/94	1994	-6.42958706	2.96315552
ag210	HK/2/94	1994	-6.54560295	2.01612888
ag211	HK/55/94	1994	-6.35242791	3.65073921
ag212	HK/56/94	1994	-6.61191987	3.24324714
ag213	JO/33/94	1994	-8.93901184	1.55010627
ag214	JO/47/94	1994	-7.80924811	0.81362278
ag215	NL/18/94	1994	-5.60001566	2.87051832
ag216	SA/15/94	1994	-6.48477646	3.19931812
ag217	SA/25/94	1994	-6.84175927	3.10499942
ag218	FI/338/95	1995	-4.86304399	5.32119441
ag219	FI/339/95	1995	-7.93068195	6.89247837
ag220	FI/381/95	1995	-8.34741673	6.53069611
ag221	GE/A9509/95	1995	-3.95259123	4.28023452
ag222	HK/3/95	1995	-6.04073133	2.79669139
ag223	HK/32/95	1995	-6.84231081	2.91090189
ag224	HK/38/95	1995	-5.82645153	3.59016039
ag225	HK/49/95	1995	-6.38988222	5.58270663
ag226	HK/55/95	1995	-4.62709632	4.76962971
ag227	LY/2279/95	1995	-4.91650336	4.88796379
ag228	NA/933/95	1995	-4.34231142	5.19589366
ag229	NL/1/95	1995	-7.63118907	2.61159954
ag230	NL/271/95	1995	-7.18297635	7.13383646
ag231	ST/506/95	1995	-5.64708732	3.83297723
ag232	VI/75/95	1995	-5.51755178	3.33131374
ag233	WU/359/95	1995	-4.02641232	5.92674672
ag234	BR/8/96	1996	-3.21200332	6.22129178
ag235	GE/3958/96	1996	-4.73256971	6.15711314
ag236	HK/20/96	1996	-4.40069369	6.18687454
ag237	HK/42/96	1996	-5.03437324	3.44433539
ag238	HK/357/96	1996	-4.74861542	5.58454313
ag239	HK/358/96	1996	-3.61098516	6.39003215
ag240	HK/434/96	1996	-9.11798062	1.43482519
ag241	LY/1781/96	1996	-4.34719636	5.52287334
ag242	NL/91/96	1996	-7.02542564	1.81818983
ag243	SP/1/96	1996	-4.10288174	5.59220427
ag244	AU/10/97	1997	-3.14615059	10.88174612
ag245	HK/1/97	1997	-3.83773027	5.91436191
ag246	HK/280/97	1997	-3.92604113	7.06726725
ag247	JO/10/97	1997	-3.37040933	5.41421051
ag248	NE/491/97	1997	-3.62094378	6.81694453
ag249	NL/300/97	1997	-3.23863867	10.52009818
ag250	OS/21/97	1997	-4.11589023	5.55552108
ag251	OS/244/97	1997	-3.97919532	5.65218579
ag252	SY/5/97	1997	-2.95485865	11.13179213
ag253	NL/5/98	1998	-4.32780693	5.17284727
ag254	NL/414/98	1998	-4.55226212	9.7686694
ag255	NL/427/98	1998	-2.41372371	10.67003438
ag256	NL/462/98	1998	-4.23697861	9.78056116
ag257	MW/10/99	1999	-1.85311501	10.00063159
ag258	NL/301/99	1999	-4.25401709	10.81077224
ag259	PM/2007/99	1999	-3.90703024	10.1210015
ag260	NL/3/00	2000	-6.06404071	11.22456027
ag261	NL/118/01	2001	-4.19520821	11.11271866
ag262	NL/124/01	2001	-5.73950888	10.55164802
ag263	NL/126/01	2001	-5.47016896	10.18426181
ag264	FU/411/02	2002	-5.65369697	15.04202782
ag265	NL/1/02	2002	-6.89325624	10.42775391
ag266	NL/120/02	2002	-3.90642772	10.57105265
ag267	FI/170/03	2003	-5.90394698	13.26346078
ag268	NL/20/03	2003	-5.08012921	10.05800313
ag269	NL/22/03	2003	-7.96118098	12.7303473
ag270	NL/213/03	2003	-6.04534648	12.35191778
ag271	NL/217/03	2003	-6.20383464	13.67746237
ag272	NL/222/03	2003	-6.56411975	12.49835598
