col	real_codon
0	CAA
1	AAC
2	ATA
3	CCT
4	GGA
5	AAT
6	GAC
7	AAT
8	AGC
9	ACG
10	GCA
11	ACG
12	CTG
13	TGC
14	CTT
15	GGG
16	CAC
17	CAT
18	GCA
19	GTA
20	CCA
21	AAC
22	GGA
23	ACG
24	ATA
25	GTG
26	AAA
27	ACA
28	ATC
29	ACA
30	AAT
31	GAC
32	CGA
33	ATT
34	GAA
35	GTT
36	ACT
37	AAT
38	GCT
39	ACT
40	GAG
41	TTG
42	GTT
43	CAG
44	AAT
45	TCA
46	TCA
47	ATA
48	GGT
49	AAA
50	ATA
51	TGC
52	AAC
53	AGT
54	CCT
55	CAT
56	CAG
57	ATC
58	CTT
59	GAT
60	GGA
61	GGG
62	AAC
63	TGC
64	ACA
65	CTA
66	ATA
67	GAT
68	GCT
69	CTA
70	TTG
71	GGG
72	GAC
73	CCT
74	CAG
75	TGT
76	GAC
77	GGC
78	TTT
79	CAG
80	AAT
81	AAG
82	GAA
83	TGG
84	GAC
85	CTT
86	TTT
87	GTT
88	GAA
89	CGA
90	AGC
91	AGA
92	GCC
93	AAC
94	AGC
95	AGC
96	TGT
97	TAC
98	CCT
99	TAT
100	GAT
101	GTG
102	CCG
103	GAT
104	TAT
105	GCC
106	TCC
107	CTT
108	AGG
109	TCA
110	CTA
111	GTT
112	GCC
113	TCA
114	TCC
115	GGA
116	ACA
117	CTG
118	GAG
119	TTT
120	AAA
121	GAT
122	GAA
123	AGC
124	TTC
125	AAT
126	TGG
127	ACC
128	GGG
129	GTC
130	AAA
131	CAA
132	AAC
133	GGG
134	AAA
135	AGT
136	TCT
137	GCG
138	TGC
139	AAA
140	AGG
141	GGA
142	TCT
143	AAT
144	AGT
145	AGT
146	TTT
147	TTT
148	AGT
149	AGA
150	TTA
151	AAT
152	TGG
153	TTG
154	ACC
155	AGC
156	TTA
157	GAC
158	AAC
159	AAA
160	TAT
161	CCA
162	GCA
163	CAG
164	AAC
165	GTG
166	ACT
167	ATG
168	CCA
169	AAC
170	AAG
171	GAA
172	CGA
173	TTT
174	GAC
175	AAA
176	TTG
177	TAC
178	ATT
179	TGG
180	GGG
181	GTT
182	CAT
183	CAT
184	CCG
185	GAC
186	ACG
187	GAC
188	AGG
189	AAC
190	CAA
191	TTC
192	TCC
193	CTG
194	TTT
195	GCT
196	CAA
197	TCA
198	TCA
199	GGA
200	AGA
201	ATC
202	ACA
203	GTA
204	TCT
205	ACC
206	AAA
207	AGA
208	AGC
209	CAA
210	CAA
211	GCT
212	GTA
213	ATC
214	CCA
215	AAT
216	ATC
217	GGA
218	TCT
219	AGA
220	CCC
221	AGA
222	GTA
223	AGG
224	GAT
225	ATC
226	CCT
227	AGC
228	AGA
229	ATA
230	AGC
231	ATC
232	TAT
233	TGG
234	ACA
235	ATA
236	GTA
237	AAA
238	CCG
239	GGA
240	GAC
241	ATA
242	CTT
243	TTG
244	ATT
245	AAC
246	AGC
247	ACA
248	GGG
249	AAT
250	CTA
251	ATT
252	GCT
253	CCT
254	AGG
255	GGT
256	TAC
257	TTC
258	AAA
259	ATA
260	CGA
261	AGT
262	GGA
263	AAA
264	AGC
265	TCA
266	ATA
267	ATG
268	AGA
269	TCA
270	GAC
271	GCA
272	CCC
273	ATT
274	GGC
275	GAA
276	TGT
277	AAG
278	TCA
279	GAA
280	TGC
281	ATC
282	ACT
283	CCA
284	AAT
285	GGA
286	AGC
287	ATT
288	CCC
289	AAT
290	GAC
291	AAA
292	CCG
293	TTC
294	CAA
295	AAT
296	GTA
297	AAC
298	AGG
299	ATC
300	ACA
301	TAC
302	GGG
303	GCC
304	TGT
305	CCC
306	AGA
307	TAT
308	GTT
309	AAG
310	CAA
311	AGC
312	ACC
313	CTG
314	AAA
315	TTG
316	GCA
317	ACA
318	GGA
319	ATG
320	CGA
321	AAT
322	GTA
323	CCT
324	GAG
325	AAA
326	CAA
327	AAA
